<?xml version="1.0" encoding="UTF-8"?>
<project-private xmlns="http://www.netbeans.org/ns/project-private/1">
    <editor-bookmarks xmlns="http://www.netbeans.org/ns/editor-bookmarks/2" lastBookmarkId="0"/>
    <open-files xmlns="http://www.netbeans.org/ns/projectui-open-files/2">
        <group>
            <file>file:/C:/Users/kidku/OneDrive/Escritorio/EntornoGrafico/src/Utils/Receipt.java</file>
            <file>file:/C:/Users/kidku/OneDrive/Escritorio/EntornoGrafico/src/Controller/CustomerController.java</file>
            <file>file:/C:/Users/kidku/OneDrive/Escritorio/EntornoGrafico/src/Controller/ReceiptController.java</file>
            <file>file:/C:/Users/kidku/OneDrive/Escritorio/EntornoGrafico/src/View/Principal.java</file>
            <file>file:/C:/Users/kidku/OneDrive/Escritorio/EntornoGrafico/src/Persistencia/ProductoDAO.java</file>
            <file>file:/C:/Users/kidku/OneDrive/Escritorio/EntornoGrafico/src/Controller/ProductoController.java</file>
        </group>
    </open-files>
</project-private>
